Workbook

Sheet Customer_Data
A1: 顧客名 | B1: 施設種別 | C1: 担当者 | D1: ヒアリング日 | E1: 分類 | F1: 次アクション | G1: 次回予定 | H1: PFAS確認 | I1: PFAS測定 | J1: PFAS情報希望 | K1: 含水率課題 | L1: 汚泥処分費 | M1: 薬品使用量 | N1: リン管理 | O1: 窒素管理 | P1: 栄養塩見直し | Q1: 薬注設備 | R1: ブロワ・ポンプ | S1: 臭気 | T1: PFASスコア | U1: 調査スコア | V1: 脱水スコア | W1: リン窒素スコア | X1: 設備スコア | Y1: 総合スコア | Z1: メモ | AA1: 提案メモ
A2: サンプルA処理場 | B2: 下水処理場 | C2: 未入力 | D2: 2026-05-11 | E2: A | F2: 脱水ケーキ調査 | G2: 2026-05-20 | H2: 高/あり | I2: 高/あり | J2: 高/あり | K2: 高/あり | L2: 高/あり | M2: 高/あり | N2: 低/なし | O2: 低/なし | P2: 低/なし | Q2: 高/あり | R2: 高/あり | S2: 低/なし | T2: 4 | U2: 2 | V2: 6 | W2: 3 | X2: 4 | Y2: 19 | Z2: 汚泥処分費が課題 | AA2: 脱水改善から入る
A3: サンプルB衛生センター | B3: し尿処理場 | C3: 未入力 | D3: 2026-05-11 | E3: B | F3: 情報提供のみ | H3: 不明 | I3: 不明 | J3: 低/なし | K3: 低/なし | L3: 高/あり | M3: 低/なし | N3: 高/あり | O3: 高/あり | P3: 高/あり | Q3: 低/なし | R3: 低/なし | S3: 高/あり | T3: 1 | U3: 0 | V3: 3 | W3: 6 | X3: 3 | Y3: 13 | Z3: 窒素と臭気に関心 | AA3: リン窒素の情報提供
A4: サンプルC浄化槽施設 | B4: 浄化槽関連 | C4: 未入力 | D4: 2026-05-11 | E4: C | F4: 未定 | H4: 不明 | I4: 不明 | J4: 低/なし | K4: 低/なし | L4: 低/なし | M4: 低/なし | N4: 低/なし | O4: 低/なし | P4: 低/なし | Q4: 低/なし | R4: 低/なし | S4: 低/なし | T4: 1 | U4: 0 | V4: 3 | W4: 3 | X4: 3 | Y4: 10 | Z4: 現時点では課題薄い | AA4: 半年後に再確認

Sheet Dashboard
A1: PFAS入口ヒアリング 分析ダッシュボード
A3: 総顧客数 | B3: =COUNTA(Customer_Data!A2:A101) | D3: 分類 | E3: 件数 | G3: 施設種別 | H3: 件数
A4: A分類 | B4: =COUNTIF(Customer_Data!E2:E101,"A") | D4: A | E4: =COUNTIF(Customer_Data!E2:E101,"A") | G4: 下水処理場 | H4: =COUNTIF(Customer_Data!B2:B101,"下水処理場")
A5: B分類 | B5: =COUNTIF(Customer_Data!E2:E101,"B") | D5: B | E5: =COUNTIF(Customer_Data!E2:E101,"B") | G5: し尿処理場 | H5: =COUNTIF(Customer_Data!B2:B101,"し尿処理場")
A6: C分類 | B6: =COUNTIF(Customer_Data!E2:E101,"C") | D6: C | E6: =COUNTIF(Customer_Data!E2:E101,"C") | G6: 浄化槽関連 | H6: =COUNTIF(Customer_Data!B2:B101,"浄化槽関連")
G7: 民間処理会社 | H7: =COUNTIF(Customer_Data!B2:B101,"民間処理会社")
G8: その他 | H8: =COUNTIF(Customer_Data!B2:B101,"その他")
A9: 顧客スコア一覧
A10: 顧客名 | B10: 分類 | C10: 総合スコア
A11: =IF(Customer_Data!A2="","",Customer_Data!A2) | B11: =IF(Customer_Data!E2="","",Customer_Data!E2) | C11: =IF(Customer_Data!Y2="","",Customer_Data!Y2)
A12: =IF(Customer_Data!A3="","",Customer_Data!A3) | B12: =IF(Customer_Data!E3="","",Customer_Data!E3) | C12: =IF(Customer_Data!Y3="","",Customer_Data!Y3)
A13: =IF(Customer_Data!A4="","",Customer_Data!A4) | B13: =IF(Customer_Data!E4="","",Customer_Data!E4) | C13: =IF(Customer_Data!Y4="","",Customer_Data!Y4)
A14: =IF(Customer_Data!A5="","",Customer_Data!A5) | B14: =IF(Customer_Data!E5="","",Customer_Data!E5) | C14: =IF(Customer_Data!Y5="","",Customer_Data!Y5)
A15: =IF(Customer_Data!A6="","",Customer_Data!A6) | B15: =IF(Customer_Data!E6="","",Customer_Data!E6) | C15: =IF(Customer_Data!Y6="","",Customer_Data!Y6)
A16: =IF(Customer_Data!A7="","",Customer_Data!A7) | B16: =IF(Customer_Data!E7="","",Customer_Data!E7) | C16: =IF(Customer_Data!Y7="","",Customer_Data!Y7)
A17: =IF(Customer_Data!A8="","",Customer_Data!A8) | B17: =IF(Customer_Data!E8="","",Customer_Data!E8) | C17: =IF(Customer_Data!Y8="","",Customer_Data!Y8)
A18: =IF(Customer_Data!A9="","",Customer_Data!A9) | B18: =IF(Customer_Data!E9="","",Customer_Data!E9) | C18: =IF(Customer_Data!Y9="","",Customer_Data!Y9)
A19: =IF(Customer_Data!A10="","",Customer_Data!A10) | B19: =IF(Customer_Data!E10="","",Customer_Data!E10) | C19: =IF(Customer_Data!Y10="","",Customer_Data!Y10)
A20: =IF(Customer_Data!A11="","",Customer_Data!A11) | B20: =IF(Customer_Data!E11="","",Customer_Data!E11) | C20: =IF(Customer_Data!Y11="","",Customer_Data!Y11)
A21: =IF(Customer_Data!A12="","",Customer_Data!A12) | B21: =IF(Customer_Data!E12="","",Customer_Data!E12) | C21: =IF(Customer_Data!Y12="","",Customer_Data!Y12)
A22: =IF(Customer_Data!A13="","",Customer_Data!A13) | B22: =IF(Customer_Data!E13="","",Customer_Data!E13) | C22: =IF(Customer_Data!Y13="","",Customer_Data!Y13)
... A30: =IF(Customer_Data!A21="","",Customer_Data!A21) | B30: =IF(Customer_Data!E21="","",Customer_Data!E21) | C30: =IF(Customer_Data!Y21="","",Customer_Data!Y21)

Sheet Code_List
A1: コード | B1: 意味
A2: A | B2: すぐ次へ。見積、分析、テストに進める顧客
A3: B | B3: 情報提供を続ける顧客
A4: C | B4: 今回は保留する顧客
A5: PFASスコア | B5: PFASに関する関心や確認要請の強さ
A6: 調査スコア | B6: 水質・汚泥・脱水ケーキ調査に進める可能性
A7: 脱水スコア | B7: 汚泥脱水改善の可能性
A8: リン窒素スコア | B8: リン・窒素管理提案の可能性
A9: 設備スコア | B9: 薬注設備、ブロワ、ポンプ、臭気設備の更新可能性

Sheet How_To_Use
A1: 使い方
A2: 1 | B2: アプリからExcel出力したデータを開きます。
A3: 2 | B3: Customer_Dataシートの2行目以降へデータを貼り付けます。
A4: 3 | B4: Dashboardシートで分類別件数、施設別件数、顧客スコアを確認します。
A5: 4 | B5: A分類の顧客から、分析見積・薬品テスト・設備相談へ進めます。
A6: 注意 | B6: このテンプレートにはサンプル行があります。実データで使う時はサンプル行を上書きしてください。
